{
    "r_smH_PTH_450_600": {
        "r_smH_PTH_450_600": 1.0,
        "r_smH_PTH_GT600": -0.07905926022015837
    },
    "r_smH_PTH_GT600": {
        "r_smH_PTH_450_600": -0.07905926022015837,
        "r_smH_PTH_GT600": 1.0
    }
}