{
    "r_smH_PTH_450_600": {
        "r_smH_PTH_450_600": 2.84080183925312,
        "r_smH_PTH_GT600": -0.1691014992102795
    },
    "r_smH_PTH_GT600": {
        "r_smH_PTH_450_600": -0.1691014992102795,
        "r_smH_PTH_GT600": 1.610454588139489
    }
}