{
    "r_smH_PTH_0_5": {
        "r_smH_PTH_0_5": 1.0,
        "r_smH_PTH_5_10": -0.09908619522815845,
        "r_smH_PTH_10_15": 0.0045772755856482855,
        "r_smH_PTH_15_20": 0.00036691605180583236,
        "r_smH_PTH_20_25": -1.5948810612210728e-05,
        "r_smH_PTH_25_30": 0.00029112143460285076,
        "r_smH_PTH_30_35": 0.00030882137359826347,
        "r_smH_PTH_35_45": 1.7726967949513178e-05,
        "r_smH_PTH_45_60": 0.00017669470755514083,
        "r_smH_PTH_60_80": -3.969906902575633e-05,
        "r_smH_PTH_80_100": 0.00027412505900259774,
        "r_smH_PTH_100_120": -2.6627043078584788e-05,
        "r_smH_PTH_120_140": -0.00014626102695942098,
        "r_smH_PTH_140_170": 7.093698379612661e-05,
        "r_smH_PTH_170_200": -1.6751223516765964e-05,
        "r_smH_PTH_200_250": -0.0001342587823542143,
        "r_smH_PTH_250_350": 0.0002777247026117526,
        "r_smH_PTH_350_450": 0.0001669298311351184,
        "r_smH_PTH_GT450": 0.00011193205523545611
    },
    "r_smH_PTH_5_10": {
        "r_smH_PTH_0_5": -0.09908619522815845,
        "r_smH_PTH_5_10": 1.0,
        "r_smH_PTH_10_15": -0.10027441582384403,
        "r_smH_PTH_15_20": 0.005674193100461782,
        "r_smH_PTH_20_25": 0.0002719769505001154,
        "r_smH_PTH_25_30": 0.0011837201839835164,
        "r_smH_PTH_30_35": 0.0010306983985172728,
        "r_smH_PTH_35_45": 0.00032715027648209493,
        "r_smH_PTH_45_60": 0.0009138033095233124,
        "r_smH_PTH_60_80": 0.00011245818278678655,
        "r_smH_PTH_80_100": 0.0012354620147790366,
        "r_smH_PTH_100_120": -0.0001686095048004831,
        "r_smH_PTH_120_140": -0.00012990406320686438,
        "r_smH_PTH_140_170": 0.0004474234774585518,
        "r_smH_PTH_170_200": 0.0002124785384347003,
        "r_smH_PTH_200_250": -0.00017422722713700798,
        "r_smH_PTH_250_350": 0.0009640259660857787,
        "r_smH_PTH_350_450": 0.00015509673330402907,
        "r_smH_PTH_GT450": 0.000492484813805857
    },
    "r_smH_PTH_10_15": {
        "r_smH_PTH_0_5": 0.0045772755856482855,
        "r_smH_PTH_5_10": -0.10027441582384403,
        "r_smH_PTH_10_15": 1.0,
        "r_smH_PTH_15_20": -0.09308110093948488,
        "r_smH_PTH_20_25": 0.003967423598671565,
        "r_smH_PTH_25_30": 0.0003506165922570365,
        "r_smH_PTH_30_35": 0.00039653286489438485,
        "r_smH_PTH_35_45": 0.0003689524041077207,
        "r_smH_PTH_45_60": 0.0005429439962142646,
        "r_smH_PTH_60_80": 0.0004272220181280127,
        "r_smH_PTH_80_100": 0.0006377142285343599,
        "r_smH_PTH_100_120": 0.00015525452492271246,
        "r_smH_PTH_120_140": 0.00026480540628003886,
        "r_smH_PTH_140_170": 0.0003629063849979143,
        "r_smH_PTH_170_200": 0.00024280715688535586,
        "r_smH_PTH_200_250": 0.0002681132235374613,
        "r_smH_PTH_250_350": 0.0006020727689337688,
        "r_smH_PTH_350_450": 0.00017592386018500916,
        "r_smH_PTH_GT450": 9.544169479030406e-05
    },
    "r_smH_PTH_15_20": {
        "r_smH_PTH_0_5": 0.00036691605180583236,
        "r_smH_PTH_5_10": 0.005674193100461782,
        "r_smH_PTH_10_15": -0.09308110093948488,
        "r_smH_PTH_15_20": 1.0,
        "r_smH_PTH_20_25": -0.08402373894432663,
        "r_smH_PTH_25_30": 0.004763819211520701,
        "r_smH_PTH_30_35": 0.0022307241251627013,
        "r_smH_PTH_35_45": 0.00012981552715938876,
        "r_smH_PTH_45_60": 0.0013044821905864932,
        "r_smH_PTH_60_80": -0.00023597283601947325,
        "r_smH_PTH_80_100": 0.0018411340782239737,
        "r_smH_PTH_100_120": -0.00036640397077584514,
        "r_smH_PTH_120_140": -0.0008435073645084826,
        "r_smH_PTH_140_170": 0.00048275623514930534,
        "r_smH_PTH_170_200": 3.2627844838080046e-05,
        "r_smH_PTH_200_250": -0.0011441376474988552,
        "r_smH_PTH_250_350": 0.0020921512426699076,
        "r_smH_PTH_350_450": 0.001092810379679063,
        "r_smH_PTH_GT450": 0.001041092389064046
    },
    "r_smH_PTH_20_25": {
        "r_smH_PTH_0_5": -1.5948810612210728e-05,
        "r_smH_PTH_5_10": 0.0002719769505001154,
        "r_smH_PTH_10_15": 0.003967423598671565,
        "r_smH_PTH_15_20": -0.08402373894432663,
        "r_smH_PTH_20_25": 1.0,
        "r_smH_PTH_25_30": -0.0783835912371603,
        "r_smH_PTH_30_35": 0.0035475050323203953,
        "r_smH_PTH_35_45": 0.00019897121416002578,
        "r_smH_PTH_45_60": 0.00037987657070642566,
        "r_smH_PTH_60_80": 0.00019049817363601986,
        "r_smH_PTH_80_100": 0.0004381847569670554,
        "r_smH_PTH_100_120": -5.8267461328494546e-05,
        "r_smH_PTH_120_140": -2.6656649339316857e-05,
        "r_smH_PTH_140_170": 6.776113176805344e-05,
        "r_smH_PTH_170_200": 6.208735633887441e-05,
        "r_smH_PTH_200_250": -7.443918559385013e-05,
        "r_smH_PTH_250_350": 0.0005717693518874618,
        "r_smH_PTH_350_450": -0.00012445005274861566,
        "r_smH_PTH_GT450": 0.0002648294693862567
    },
    "r_smH_PTH_25_30": {
        "r_smH_PTH_0_5": 0.00029112143460285076,
        "r_smH_PTH_5_10": 0.0011837201839835164,
        "r_smH_PTH_10_15": 0.0003506165922570365,
        "r_smH_PTH_15_20": 0.004763819211520701,
        "r_smH_PTH_20_25": -0.0783835912371603,
        "r_smH_PTH_25_30": 1.0,
        "r_smH_PTH_30_35": -0.0775802346759339,
        "r_smH_PTH_35_45": 0.0017709155527853104,
        "r_smH_PTH_45_60": 0.0010246630621583957,
        "r_smH_PTH_60_80": -3.162228844684893e-05,
        "r_smH_PTH_80_100": 0.0015044924649087047,
        "r_smH_PTH_100_120": -0.000336370380917306,
        "r_smH_PTH_120_140": -0.0005203281976836951,
        "r_smH_PTH_140_170": 0.0004066641330431458,
        "r_smH_PTH_170_200": 3.865002570017558e-05,
        "r_smH_PTH_200_250": -0.0006970970948306869,
        "r_smH_PTH_250_350": 0.0015496044730393098,
        "r_smH_PTH_350_450": 0.0007788118825383387,
        "r_smH_PTH_GT450": 0.0008728559991870915
    },
    "r_smH_PTH_30_35": {
        "r_smH_PTH_0_5": 0.00030882137359826347,
        "r_smH_PTH_5_10": 0.0010306983985172728,
        "r_smH_PTH_10_15": 0.00039653286489438485,
        "r_smH_PTH_15_20": 0.0022307241251627013,
        "r_smH_PTH_20_25": 0.0035475050323203953,
        "r_smH_PTH_25_30": -0.0775802346759339,
        "r_smH_PTH_30_35": 1.0,
        "r_smH_PTH_35_45": -0.06250377412599357,
        "r_smH_PTH_45_60": 0.00229387912715238,
        "r_smH_PTH_60_80": -0.0007743531423837132,
        "r_smH_PTH_80_100": 0.0012351961154808042,
        "r_smH_PTH_100_120": -0.0004743392540170551,
        "r_smH_PTH_120_140": -0.0011325980886873139,
        "r_smH_PTH_140_170": 0.00014400402218771286,
        "r_smH_PTH_170_200": -0.0002081475663293715,
        "r_smH_PTH_200_250": -0.0015994071898248166,
        "r_smH_PTH_250_350": 0.0015930120614567826,
        "r_smH_PTH_350_450": 0.0007755274970708154,
        "r_smH_PTH_GT450": 0.000990759027185689
    },
    "r_smH_PTH_35_45": {
        "r_smH_PTH_0_5": 1.7726967949513178e-05,
        "r_smH_PTH_5_10": 0.00032715027648209493,
        "r_smH_PTH_10_15": 0.0003689524041077207,
        "r_smH_PTH_15_20": 0.00012981552715938876,
        "r_smH_PTH_20_25": 0.00019897121416002578,
        "r_smH_PTH_25_30": 0.0017709155527853104,
        "r_smH_PTH_30_35": -0.06250377412599357,
        "r_smH_PTH_35_45": 1.0,
        "r_smH_PTH_45_60": -0.04062276192130909,
        "r_smH_PTH_60_80": 0.0013944293249071667,
        "r_smH_PTH_80_100": 0.0004643565067217659,
        "r_smH_PTH_100_120": 0.0002056510791762052,
        "r_smH_PTH_120_140": 0.0005834192239683748,
        "r_smH_PTH_140_170": 0.0003758924414354895,
        "r_smH_PTH_170_200": 0.00033316526266749486,
        "r_smH_PTH_200_250": 0.00085672854089997,
        "r_smH_PTH_250_350": 6.501467452587051e-05,
        "r_smH_PTH_350_450": -0.000792771343662046,
        "r_smH_PTH_GT450": -0.0002295343401199496
    },
    "r_smH_PTH_45_60": {
        "r_smH_PTH_0_5": 0.00017669470755514083,
        "r_smH_PTH_5_10": 0.0009138033095233124,