{
    "r_Njets_0": {
        "r_Njets_0": 1.0,
        "r_Njets_1": -0.17871191813241327,
        "r_Njets_2": 0.08792918027826827,
        "r_Njets_3": -0.013628133297734239,
        "r_Njets_4": -0.036048955627587184
    },
    "r_Njets_1": {
        "r_Njets_0": -0.17871191813241327,
        "r_Njets_1": 1.0,
        "r_Njets_2": -0.3093595389070284,
        "r_Njets_3": 0.0748585062654434,
        "r_Njets_4": 0.05070925870364875
    },
    "r_Njets_2": {
        "r_Njets_0": 0.08792918027826827,
        "r_Njets_1": -0.3093595389070284,
        "r_Njets_2": 1.0,
        "r_Njets_3": -0.3041016314311076,
        "r_Njets_4": -0.15942115326319728
    },
    "r_Njets_3": {
        "r_Njets_0": -0.013628133297734239,
        "r_Njets_1": 0.0748585062654434,
        "r_Njets_2": -0.3041016314311076,
        "r_Njets_3": 1.0,
        "r_Njets_4": 0.11490563620468291
    },
    "r_Njets_4": {
        "r_Njets_0": -0.036048955627587184,
        "r_Njets_1": 0.05070925870364875,
        "r_Njets_2": -0.15942115326319728,
        "r_Njets_3": 0.11490563620468291,
        "r_Njets_4": 1.0
    }
}