{
    "r_Njets_0": {
        "r_Njets_0": 0.018863401918270878,
        "r_Njets_1": -0.004898034039949983,
        "r_Njets_2": 0.004369994364253546,
        "r_Njets_3": -0.0008979316637638235,
        "r_Njets_4": -0.004413359782667858
    },
    "r_Njets_1": {
        "r_Njets_0": -0.004898034039949983,
        "r_Njets_1": 0.03982140210985505,
        "r_Njets_2": -0.022338789141291168,
        "r_Njets_3": 0.007166322279170454,
        "r_Njets_4": 0.009020117029613356
    },
    "r_Njets_2": {
        "r_Njets_0": 0.004369994364253546,
        "r_Njets_1": -0.022338789141291168,
        "r_Njets_2": 0.13094101003382577,
        "r_Njets_3": -0.05279022314554644,
        "r_Njets_4": -0.051422173162698925
    },
    "r_Njets_3": {
        "r_Njets_0": -0.0008979316637638235,
        "r_Njets_1": 0.007166322279170454,
        "r_Njets_2": -0.05279022314554644,
        "r_Njets_3": 0.23014090093088133,
        "r_Njets_4": 0.049136574040566615
    },
    "r_Njets_4": {
        "r_Njets_0": -0.004413359782667858,
        "r_Njets_1": 0.009020117029613356,
        "r_Njets_2": -0.051422173162698925,
        "r_Njets_3": 0.049136574040566615,
        "r_Njets_4": 0.7945720302233935
    }
}