{
    "r_smH_PTH_450_500": {
        "bestfit": 8.126959800720215,
        "Up01Sigma": 4.27178955078125,
        "Down01Sigma": 3.317943572998047,
        "Up01SigmaExp": 2.7612967491149902,
        "Down01SigmaExp": 2.604312539100647
    },
    "r_smH_PTH_500_550": {
        "bestfit": 5.724039077758789,
        "Up01Sigma": 3.8795957565307617,
        "Down01Sigma": 3.188683032989502,
        "Up01SigmaExp": 2.993314266204834,
        "Down01SigmaExp": 2.829633355140686
    },
    "r_smH_PTH_550_600": {
        "bestfit": 8.133832931518555,
        "Up01Sigma": 4.985261917114258,
        "Down01Sigma": 3.682328701019287,
        "Up01SigmaExp": 3.329369068145752,
        "Down01SigmaExp": 3.0907676219940186
    },
    "r_smH_PTH_600_675": {
        "bestfit": 6.269891738891602,
        "Up01Sigma": 4.650449752807617,
        "Down01Sigma": 3.5821919441223145,
        "Up01SigmaExp": 3.417685031890869,
        "Down01SigmaExp": 3.146791696548462
    },
    "r_smH_PTH_675_800": {
        "bestfit": -3.156524419784546,
        "Up01Sigma": 4.551602840423584,
        "Down01Sigma": 4.953448534011841,
        "Up01SigmaExp": 4.405248641967773,
        "Down01SigmaExp": 4.05112361907959
    },
    "r_smH_PTH_800_1200": {
        "bestfit": -5.932456970214844,
        "Up01Sigma": 5.959181068465114,
        "Down01Sigma": 6.878876686096191,
        "Up01SigmaExp": 5.938882350921631,
        "Down01SigmaExp": 5.3186869621276855
    }
}