{
    "r_smH_PTH_0_5": {
        "bestfit": 0.4145574285205318,
        "Up01Sigma": 0.4437089945112851,
        "Down01Sigma": 0.4313004579706754,
        "Up01SigmaExp": 0.4345570857425982,
        "Down01SigmaExp": 0.4306040104652342
    },
    "r_smH_PTH_5_10": {
        "bestfit": 0.6421224683501334,
        "Up01Sigma": 0.31462751742296335,
        "Down01Sigma": 0.3103768988451525,
        "Up01SigmaExp": 0.3179299210872626,
        "Down01SigmaExp": 0.3152029857842671
    },
    "r_smH_PTH_10_15": {
        "bestfit": 1.423229217035055,
        "Up01Sigma": 0.30554754219943936,
        "Down01Sigma": 0.35610047591600447,
        "Up01SigmaExp": 0.3061785955729146,
        "Down01SigmaExp": 0.2996162944300944
    },
    "r_smH_PTH_15_20": {
        "bestfit": 1.4223594750799027,
        "Up01Sigma": 0.3229194933562929,
        "Down01Sigma": 0.32998532931525393,
        "Up01SigmaExp": 0.32205956052093576,
        "Down01SigmaExp": 0.36953570032848493
    },
    "r_smH_PTH_20_25": {
        "bestfit": 0.3306305995549551,
        "Up01Sigma": 0.3828237879440416,
        "Down01Sigma": 0.3203233463172299,
        "Up01SigmaExp": 0.33601793798914703,
        "Down01SigmaExp": 0.3352070507527647
    },
    "r_smH_PTH_25_30": {
        "bestfit": 1.022556100770806,
        "Up01Sigma": 0.34964607509092827,
        "Down01Sigma": 0.34681777888338505,
        "Up01SigmaExp": 0.3483087650922172,
        "Down01SigmaExp": 0.3404156933638822
    },
    "r_smH_PTH_30_35": {
        "bestfit": 0.5164545649504537,
        "Up01Sigma": 0.359170730411823,
        "Down01Sigma": 0.38656760199911344,
        "Up01SigmaExp": 0.3799431764309251,
        "Down01SigmaExp": 0.3778734521541911
    },
    "r_smH_PTH_35_45": {
        "bestfit": 0.9448972788058367,
        "Up01Sigma": 0.2529911611541722,
        "Down01Sigma": 0.3054250602367643,
        "Up01SigmaExp": 0.262534551898592,
        "Down01SigmaExp": 0.2790661884596777
    },
    "r_smH_PTH_45_60": {
        "bestfit": 0.8666009051509245,
        "Up01Sigma": 0.26147516696073736,
        "Down01Sigma": 0.2321295502408507,
        "Up01SigmaExp": 0.24307652793201284,
        "Down01SigmaExp": 0.24167709350793354
    },
    "r_smH_PTH_60_80": {
        "bestfit": 1.1772295714041474,
        "Up01Sigma": 0.23675945478406635,
        "Down01Sigma": 0.2330319892619861,
        "Up01SigmaExp": 0.2370079524855382,
        "Down01SigmaExp": 0.23325432931067147
    },
    "r_smH_PTH_80_100": {
        "bestfit": 1.467291783153962,
        "Up01Sigma": 0.26019017226759944,
        "Down01Sigma": 0.25521367882496215,
        "Up01SigmaExp": 0.26049425498124257,
        "Down01SigmaExp": 0.25589377779741174
    },
    "r_smH_PTH_100_120": {
        "bestfit": 0.5885581348565196,
        "Up01Sigma": 0.27281450944369756,
        "Down01Sigma": 0.2669192284469337,
        "Up01SigmaExp": 0.2809233818075212,
        "Down01SigmaExp": 0.274485329515437
    },
    "r_smH_PTH_120_140": {
        "bestfit": 1.275628121773871,
        "Up01Sigma": 0.36453631893966,
        "Down01Sigma": 0.3088924520495169,
        "Up01SigmaExp": 0.3173675315523523,
        "Down01SigmaExp": 0.30479223997522853
    },
    "r_smH_PTH_140_170": {
        "bestfit": 1.2634353858687504,
        "Up01Sigma": 0.30598568288361405,
        "Down01Sigma": 0.2981776235268352,
        "Up01SigmaExp": 0.29715420536156234,
        "Down01SigmaExp": 0.2870508119727657
    },
    "r_smH_PTH_170_200": {
        "bestfit": 0.7478615100330765,
        "Up01Sigma": 0.3212911794703315,
        "Down01Sigma": 0.3064565206337715,
        "Up01SigmaExp": 0.3421944137533661,
        "Down01SigmaExp": 0.3265488676804238
    },
    "r_smH_PTH_200_250": {
        "bestfit": 1.3918106063318358,
        "Up01Sigma": 0.2851380336127507,
        "Down01Sigma": 0.2707251669273736,
        "Up01SigmaExp": 0.27816047973194435,
        "Down01SigmaExp": 0.264761222092045
    },
    "r_smH_PTH_250_350": {
        "bestfit": 1.2783027417712935,
        "Up01Sigma": 0.31765853543960243,
        "Down01Sigma": 0.299871331544763,
        "Up01SigmaExp": 0.30643690239418153,
        "Down01SigmaExp": 0.28730911879403265
    },
    "r_smH_PTH_350_450": {
        "bestfit": 0.5649377743902844,
        "Up01Sigma": 0.44220819918265786,
        "Down01Sigma": 0.3817872909523754,
        "Up01SigmaExp": 0.4814773754284336,
        "Down01SigmaExp": 0.4279163116414184
    },
    "r_smH_PTH_GT450": {
        "bestfit": 0.42018459357623383,
        "Up01Sigma": 0.5779991142107241,
        "Down01Sigma": 0.47773683107996023,
        "Up01SigmaExp": 0.6978236195931193,
        "Down01SigmaExp": 0.5820300908529493
    }
}