{
    "r_smH_PTH_450_600": {
        "r_smH_PTH_450_600": 1.0,
        "r_smH_PTH_GT600": -0.3807815967574465
    },
    "r_smH_PTH_GT600": {
        "r_smH_PTH_450_600": -0.3807815967574465,
        "r_smH_PTH_GT600": 1.0
    }
}