{
    "r_smH_PTH_0_45": {
        "r_smH_PTH_0_45": 0.21993636016153245,
        "r_smH_PTH_45_80": -0.11172741753032679,
        "r_smH_PTH_80_120": 0.08953357902512499,
        "r_smH_PTH_120_140": -0.12869664260220845,
        "r_smH_PTH_140_170": 0.04477014524512271,
        "r_smH_PTH_170_200": -0.023872461768736773,
        "r_smH_PTH_200_350": -0.0020505066177793226,
        "r_smH_PTH_350_450": -0.0037296287949919018,
        "r_smH_PTH_GT450": -0.0036166391306886037
    },
    "r_smH_PTH_45_80": {
        "r_smH_PTH_0_45": -0.11172741753032679,
        "r_smH_PTH_45_80": 0.4966403718282066,
        "r_smH_PTH_80_120": -0.31820173051881767,
        "r_smH_PTH_120_140": 0.6165929929761308,
        "r_smH_PTH_140_170": -0.2345154905057724,
        "r_smH_PTH_170_200": 0.16184739746646554,
        "r_smH_PTH_200_350": -0.009595701354452757,
        "r_smH_PTH_350_450": 0.006926381951707834,
        "r_smH_PTH_GT450": -0.0030331356351547666
    },
    "r_smH_PTH_80_120": {
        "r_smH_PTH_0_45": 0.08953357902512499,
        "r_smH_PTH_45_80": -0.31820173051881767,
        "r_smH_PTH_80_120": 0.7195652999661724,
        "r_smH_PTH_120_140": -1.5541232794620121,
        "r_smH_PTH_140_170": 0.7334557624105158,
        "r_smH_PTH_170_200": -0.4500065881494802,
        "r_smH_PTH_200_350": 0.04214329629450686,
        "r_smH_PTH_350_450": -0.01808821168371512,
        "r_smH_PTH_GT450": 0.011110705676385956
    },
    "r_smH_PTH_120_140": {
        "r_smH_PTH_0_45": -0.12869664260220845,
        "r_smH_PTH_45_80": 0.6165929929761308,
        "r_smH_PTH_80_120": -1.5541232794620121,
        "r_smH_PTH_120_140": 6.144807438536658,
        "r_smH_PTH_140_170": -4.099920800675058,
        "r_smH_PTH_170_200": 2.602035420919415,
        "r_smH_PTH_200_350": -0.29550748507887453,
        "r_smH_PTH_350_450": 0.14041658526286466,
        "r_smH_PTH_GT450": -0.07560285264222752
    },
    "r_smH_PTH_140_170": {
        "r_smH_PTH_0_45": 0.04477014524512271,
        "r_smH_PTH_45_80": -0.2345154905057724,
        "r_smH_PTH_80_120": 0.7334557624105158,
        "r_smH_PTH_120_140": -4.099920800675058,
        "r_smH_PTH_140_170": 3.933864656409183,
        "r_smH_PTH_170_200": -2.989874402300667,
        "r_smH_PTH_200_350": 0.4152257348041543,
        "r_smH_PTH_350_450": -0.18398123892884338,
        "r_smH_PTH_GT450": 0.11572059660236811
    },
    "r_smH_PTH_170_200": {
        "r_smH_PTH_0_45": -0.023872461768736773,
        "r_smH_PTH_45_80": 0.16184739746646554,
        "r_smH_PTH_80_120": -0.4500065881494802,
        "r_smH_PTH_120_140": 2.602035420919415,
        "r_smH_PTH_140_170": -2.989874402300667,
        "r_smH_PTH_170_200": 3.120090220302917,
        "r_smH_PTH_200_350": -0.49072197448931776,
        "r_smH_PTH_350_450": 0.24058865075778804,
        "r_smH_PTH_GT450": -0.13248604495394006
    },
    "r_smH_PTH_200_350": {
        "r_smH_PTH_0_45": -0.0020505066177793226,
        "r_smH_PTH_45_80": -0.009595701354452757,
        "r_smH_PTH_80_120": 0.04214329629450686,
        "r_smH_PTH_120_140": -0.29550748507887453,
        "r_smH_PTH_140_170": 0.4152257348041543,
        "r_smH_PTH_170_200": -0.49072197448931776,
        "r_smH_PTH_200_350": 0.2199335189917451,
        "r_smH_PTH_350_450": 0.008471888060336255,
        "r_smH_PTH_GT450": 0.1161340212859482
    },
    "r_smH_PTH_350_450": {
        "r_smH_PTH_0_45": -0.0037296287949919018,
        "r_smH_PTH_45_80": 0.006926381951707834,
        "r_smH_PTH_80_120": -0.01808821168371512,
        "r_smH_PTH_120_140": 0.14041658526286466,
        "r_smH_PTH_140_170": -0.18398123892884338,
        "r_smH_PTH_170_200": 0.24058865075778804,
        "r_smH_PTH_200_350": 0.008471888060336255,
        "r_smH_PTH_350_450": 0.4809342271391992,
        "r_smH_PTH_GT450": -0.18211618702810764
    },
    "r_smH_PTH_GT450": {
        "r_smH_PTH_0_45": -0.0036166391306886037,
        "r_smH_PTH_45_80": -0.0030331356351547666,
        "r_smH_PTH_80_120": 0.011110705676385956,
        "r_smH_PTH_120_140": -0.07560285264222752,
        "r_smH_PTH_140_170": 0.11572059660236811,
        "r_smH_PTH_170_200": -0.13248604495394006,
        "r_smH_PTH_200_350": 0.1161340212859482,
        "r_smH_PTH_350_450": -0.18211618702810764,
        "r_smH_PTH_GT450": 0.9284556838925443
    }
}