{
    "r_smH_PTH_0_45": {
        "r_smH_PTH_0_45": 1.0,
        "r_smH_PTH_45_80": -0.06662553597682966,
        "r_smH_PTH_80_120": 0.08192361202201519,
        "r_smH_PTH_120_140": -0.08537149633375433,
        "r_smH_PTH_140_170": 0.026294595893651754,
        "r_smH_PTH_170_200": -0.01580896230083956,
        "r_smH_PTH_200_350": -0.10163146985175879,
        "r_smH_PTH_350_450": 0.07182742417709666,
        "r_smH_PTH_GT450": 0.003875784947936424
    },
    "r_smH_PTH_45_80": {
        "r_smH_PTH_0_45": -0.06662553597682966,
        "r_smH_PTH_45_80": 1.0,
        "r_smH_PTH_80_120": -0.6877971222819795,
        "r_smH_PTH_120_140": 0.3297473005690487,
        "r_smH_PTH_140_170": -0.03968858621814031,
        "r_smH_PTH_170_200": 0.021083099774895427,
        "r_smH_PTH_200_350": 0.25657033600146667,
        "r_smH_PTH_350_450": -0.6466267427366537,
        "r_smH_PTH_GT450": -0.0028567265255172616
    },
    "r_smH_PTH_80_120": {
        "r_smH_PTH_0_45": 0.08192361202201519,
        "r_smH_PTH_45_80": -0.6877971222819795,
        "r_smH_PTH_80_120": 1.0,
        "r_smH_PTH_120_140": -0.7492854960211521,
        "r_smH_PTH_140_170": 0.13518812192535976,
        "r_smH_PTH_170_200": -0.09203303760976075,
        "r_smH_PTH_200_350": -0.03852891367294114,
        "r_smH_PTH_350_450": 0.19826940311282035,
        "r_smH_PTH_GT450": -0.004453308037510122
    },
    "r_smH_PTH_120_140": {
        "r_smH_PTH_0_45": -0.08537149633375433,
        "r_smH_PTH_45_80": 0.3297473005690487,
        "r_smH_PTH_80_120": -0.7492854960211521,
        "r_smH_PTH_120_140": 1.0,
        "r_smH_PTH_140_170": -0.25640338569008486,
        "r_smH_PTH_170_200": 0.17017379636979316,
        "r_smH_PTH_200_350": 0.0377624246100107,
        "r_smH_PTH_350_450": -0.07126794204071492,
        "r_smH_PTH_GT450": 0.010294528733364165
    },
    "r_smH_PTH_140_170": {
        "r_smH_PTH_0_45": 0.026294595893651754,
        "r_smH_PTH_45_80": -0.03968858621814031,
        "r_smH_PTH_80_120": 0.13518812192535976,
        "r_smH_PTH_120_140": -0.25640338569008486,
        "r_smH_PTH_140_170": 1.0,
        "r_smH_PTH_170_200": 0.280956234512321,
        "r_smH_PTH_200_350": 0.009294963251660104,
        "r_smH_PTH_350_450": -0.01118261787347992,
        "r_smH_PTH_GT450": 0.33768456376578293
    },
    "r_smH_PTH_170_200": {
        "r_smH_PTH_0_45": -0.01580896230083956,
        "r_smH_PTH_45_80": 0.021083099774895427,
        "r_smH_PTH_80_120": -0.09203303760976075,
        "r_smH_PTH_120_140": 0.17017379636979316,
        "r_smH_PTH_140_170": 0.280956234512321,
        "r_smH_PTH_170_200": 1.0,
        "r_smH_PTH_200_350": -0.00280665829200077,
        "r_smH_PTH_350_450": 0.009239175413559104,
        "r_smH_PTH_GT450": -0.13346320295858874
    },
    "r_smH_PTH_200_350": {
        "r_smH_PTH_0_45": -0.10163146985175879,
        "r_smH_PTH_45_80": 0.25657033600146667,
        "r_smH_PTH_80_120": -0.03852891367294114,
        "r_smH_PTH_120_140": 0.0377624246100107,
        "r_smH_PTH_140_170": 0.009294963251660104,
        "r_smH_PTH_170_200": -0.00280665829200077,
        "r_smH_PTH_200_350": 1.0,
        "r_smH_PTH_350_450": -0.4505799033418916,
        "r_smH_PTH_GT450": -0.006526195926743245
    },
    "r_smH_PTH_350_450": {
        "r_smH_PTH_0_45": 0.07182742417709666,
        "r_smH_PTH_45_80": -0.6466267427366537,
        "r_smH_PTH_80_120": 0.19826940311282035,
        "r_smH_PTH_120_140": -0.07126794204071492,
        "r_smH_PTH_140_170": -0.01118261787347992,
        "r_smH_PTH_170_200": 0.009239175413559104,
        "r_smH_PTH_200_350": -0.4505799033418916,
        "r_smH_PTH_350_450": 1.0,
        "r_smH_PTH_GT450": 0.0072521517829419015
    },
    "r_smH_PTH_GT450": {
        "r_smH_PTH_0_45": 0.003875784947936424,
        "r_smH_PTH_45_80": -0.0028567265255172616,
        "r_smH_PTH_80_120": -0.004453308037510122,
        "r_smH_PTH_120_140": 0.010294528733364165,
        "r_smH_PTH_140_170": 0.33768456376578293,
        "r_smH_PTH_170_200": -0.13346320295858874,
        "r_smH_PTH_200_350": -0.006526195926743245,
        "r_smH_PTH_350_450": 0.0072521517829419015,
        "r_smH_PTH_GT450": 1.0
    }
}