{
    "r_Njets_0": {
        "r_Njets_0": 1.0,
        "r_Njets_1": -0.15381073729449202,
        "r_Njets_2": 0.07835782229924639,
        "r_Njets_3": -0.007724071782390584,
        "r_Njets_4": 0.009086615731703333
    },
    "r_Njets_1": {
        "r_Njets_0": -0.15381073729449202,
        "r_Njets_1": 1.0,
        "r_Njets_2": -0.3052662670490454,
        "r_Njets_3": 0.09764615032097977,
        "r_Njets_4": 0.007195421286396091
    },
    "r_Njets_2": {
        "r_Njets_0": 0.07835782229924639,
        "r_Njets_1": -0.3052662670490454,
        "r_Njets_2": 1.0,
        "r_Njets_3": -0.40114699533033094,
        "r_Njets_4": 0.11643186963341726
    },
    "r_Njets_3": {
        "r_Njets_0": -0.007724071782390584,
        "r_Njets_1": 0.09764615032097977,
        "r_Njets_2": -0.40114699533033094,
        "r_Njets_3": 1.0,
        "r_Njets_4": -0.3847460336840018
    },
    "r_Njets_4": {
        "r_Njets_0": 0.009086615731703333,
        "r_Njets_1": 0.007195421286396091,
        "r_Njets_2": 0.11643186963341726,
        "r_Njets_3": -0.3847460336840018,
        "r_Njets_4": 1.0
    }
}