{
    "r_Njets_0": {
        "r_Njets_0": 0.01967389787981911,
        "r_Njets_1": -0.00482695208805325,
        "r_Njets_2": 0.003953366043308588,
        "r_Njets_3": -0.000906267358870723,
        "r_Njets_4": 0.0010928616009874687
    },
    "r_Njets_1": {
        "r_Njets_0": -0.00482695208805325,
        "r_Njets_1": 0.05005900987937773,
        "r_Njets_2": -0.02456741189453077,
        "r_Njets_3": 0.018275155643031397,
        "r_Njets_4": 0.0013804324264821252
    },
    "r_Njets_2": {
        "r_Njets_0": 0.003953366043308588,
        "r_Njets_1": -0.02456741189453077,
        "r_Njets_2": 0.1293835095109628,
        "r_Njets_3": -0.1207001577911059,
        "r_Njets_4": 0.035911135110410615
    },
    "r_Njets_3": {
        "r_Njets_0": -0.000906267358870723,
        "r_Njets_1": 0.018275155643031397,
        "r_Njets_2": -0.1207001577911059,
        "r_Njets_3": 0.6997286582697677,
        "r_Njets_4": -0.27596676340905063
    },
    "r_Njets_4": {
        "r_Njets_0": 0.0010928616009874687,
        "r_Njets_1": 0.0013804324264821252,
        "r_Njets_2": 0.035911135110410615,
        "r_Njets_3": -0.27596676340905063,
        "r_Njets_4": 0.7352509529163991
    }
}