{
    "r_smH_PTH_0_5": {
        "r_smH_PTH_0_5": 1.0,
        "r_smH_PTH_5_10": 0.004723584649459376,
        "r_smH_PTH_10_15": 0.02916353266994142,
        "r_smH_PTH_15_20": 0.0041772665159535306,
        "r_smH_PTH_20_25": 0.0040333841959879655,
        "r_smH_PTH_25_30": 0.0024572823138701043,
        "r_smH_PTH_30_35": 0.003423440485048329,
        "r_smH_PTH_35_45": 0.004254164821894549,
        "r_smH_PTH_45_60": 0.004333179298189817,
        "r_smH_PTH_60_80": 0.003884204824810868,
        "r_smH_PTH_80_100": 0.0036780775763585933,
        "r_smH_PTH_100_120": 0.003395475578026168,
        "r_smH_PTH_120_140": 0.0018967921725959638,
        "r_smH_PTH_140_170": 0.00509781084451991,
        "r_smH_PTH_170_200": 0.0053546555414403065,
        "r_smH_PTH_200_250": -0.20304994719313976,
        "r_smH_PTH_250_350": 0.005664719384758791,
        "r_smH_PTH_350_450": 0.004899971104185395,
        "r_smH_PTH_GT450": 0.0014044309472141532
    },
    "r_smH_PTH_5_10": {
        "r_smH_PTH_0_5": 0.004723584649459376,
        "r_smH_PTH_5_10": 1.0,
        "r_smH_PTH_10_15": 0.00657942712412476,
        "r_smH_PTH_15_20": -0.04356882449010286,
        "r_smH_PTH_20_25": 0.008011882882484219,
        "r_smH_PTH_25_30": 0.006487144255175497,
        "r_smH_PTH_30_35": 0.005437515999104696,
        "r_smH_PTH_35_45": 0.006816575999830354,
        "r_smH_PTH_45_60": 0.00594853270102356,
        "r_smH_PTH_60_80": 0.0060644751835824484,
        "r_smH_PTH_80_100": 0.00512879783702538,
        "r_smH_PTH_100_120": 0.004753731371755834,
        "r_smH_PTH_120_140": 0.003303276185058361,
        "r_smH_PTH_140_170": 0.007412431556503905,
        "r_smH_PTH_170_200": 0.007989356100784151,
        "r_smH_PTH_200_250": 0.006139734099239632,
        "r_smH_PTH_250_350": 0.010007548064996069,
        "r_smH_PTH_350_450": -0.03619522710710601,
        "r_smH_PTH_GT450": 0.0023113685237008317
    },
    "r_smH_PTH_10_15": {
        "r_smH_PTH_0_5": 0.02916353266994142,
        "r_smH_PTH_5_10": 0.00657942712412476,
        "r_smH_PTH_10_15": 1.0,
        "r_smH_PTH_15_20": 0.00589462471040898,
        "r_smH_PTH_20_25": 0.005741167634211301,
        "r_smH_PTH_25_30": -0.15884529192501937,
        "r_smH_PTH_30_35": 0.004917958658462841,
        "r_smH_PTH_35_45": 0.005989262138571664,
        "r_smH_PTH_45_60": 0.024981492910117538,
        "r_smH_PTH_60_80": 0.005540235750645577,
        "r_smH_PTH_80_100": 0.0036865396952667083,
        "r_smH_PTH_100_120": 0.005132806173301161,
        "r_smH_PTH_120_140": 0.0025262609461902384,
        "r_smH_PTH_140_170": 0.007146822533324503,
        "r_smH_PTH_170_200": 0.007600851653922917,
        "r_smH_PTH_200_250": -0.1662738821535406,
        "r_smH_PTH_250_350": 0.007938315626500861,
        "r_smH_PTH_350_450": 0.006881693503198266,
        "r_smH_PTH_GT450": 0.0020403732157289406
    },
    "r_smH_PTH_15_20": {
        "r_smH_PTH_0_5": 0.0041772665159535306,
        "r_smH_PTH_5_10": -0.04356882449010286,
        "r_smH_PTH_10_15": 0.00589462471040898,
        "r_smH_PTH_15_20": 1.0,
        "r_smH_PTH_20_25": -0.042691742680648494,
        "r_smH_PTH_25_30": 0.005787493959467708,
        "r_smH_PTH_30_35": 0.007157371174829096,
        "r_smH_PTH_35_45": 0.006767224972683775,
        "r_smH_PTH_45_60": 0.005348852900969288,
        "r_smH_PTH_60_80": 0.006258908531924629,
        "r_smH_PTH_80_100": 0.004600772568668277,
        "r_smH_PTH_100_120": 0.004327490047534187,
        "r_smH_PTH_120_140": 0.0033427726469613564,
        "r_smH_PTH_140_170": 0.006866045512913908,
        "r_smH_PTH_170_200": 0.007658343894226702,
        "r_smH_PTH_200_250": 0.005642004149250196,
        "r_smH_PTH_250_350": 0.008178709307813205,
        "r_smH_PTH_350_450": 0.008555329702370478,
        "r_smH_PTH_GT450": 0.002333618439189124
    },
    "r_smH_PTH_20_25": {
        "r_smH_PTH_0_5": 0.0040333841959879655,
        "r_smH_PTH_5_10": 0.008011882882484219,
        "r_smH_PTH_10_15": 0.005741167634211301,
        "r_smH_PTH_15_20": -0.042691742680648494,
        "r_smH_PTH_20_25": 1.0,
        "r_smH_PTH_25_30": 0.0058952422228985115,
        "r_smH_PTH_30_35": -0.03856618614404354,
        "r_smH_PTH_35_45": 0.007468539683964834,
        "r_smH_PTH_45_60": 0.00498736134220628,
        "r_smH_PTH_60_80": 0.005838226023616982,
        "r_smH_PTH_80_100": 0.004242276093522493,
        "r_smH_PTH_100_120": 0.0041803841659237475,
        "r_smH_PTH_120_140": 0.002994620827333363,
        "r_smH_PTH_140_170": 0.006421607112361725,
        "r_smH_PTH_170_200": 0.007400721548178495,
        "r_smH_PTH_200_250": 0.005130538563971933,
        "r_smH_PTH_250_350": 0.007889817127817857,
        "r_smH_PTH_350_450": 0.006648552389712376,
        "r_smH_PTH_GT450": 0.002375557605081169
    },
    "r_smH_PTH_25_30": {
        "r_smH_PTH_0_5": 0.0024572823138701043,
        "r_smH_PTH_5_10": 0.006487144255175497,
        "r_smH_PTH_10_15": -0.15884529192501937,
        "r_smH_PTH_15_20": 0.005787493959467708,
        "r_smH_PTH_20_25": 0.0058952422228985115,
        "r_smH_PTH_25_30": 1.0,
        "r_smH_PTH_30_35": 0.004996084788110702,
        "r_smH_PTH_35_45": 0.005856072536763007,
        "r_smH_PTH_45_60": -0.15503278088970612,
        "r_smH_PTH_60_80": 0.0053817256441022225,
        "r_smH_PTH_80_100": 0.02276487012642864,
        "r_smH_PTH_100_120": 0.0030768246439152507,
        "r_smH_PTH_120_140": 0.0024274005351730427,
        "r_smH_PTH_140_170": 0.0071707670446814736,
        "r_smH_PTH_170_200": 0.007439135623230078,
        "r_smH_PTH_200_250": 0.025358151044144517,
        "r_smH_PTH_250_350": 0.007795867332274279,
        "r_smH_PTH_350_450": 0.006763999427172406,
        "r_smH_PTH_GT450": 0.002017219444795806
    },
    "r_smH_PTH_30_35": {
        "r_smH_PTH_0_5": 0.003423440485048329,
        "r_smH_PTH_5_10": 0.005437515999104696,
        "r_smH_PTH_10_15": 0.004917958658462841,
        "r_smH_PTH_15_20": 0.007157371174829096,
        "r_smH_PTH_20_25": -0.03856618614404354,
        "r_smH_PTH_25_30": 0.004996084788110702,
        "r_smH_PTH_30_35": 1.0,
        "r_smH_PTH_35_45": -0.03471889751690103,
        "r_smH_PTH_45_60": 0.004310695138067743,
        "r_smH_PTH_60_80": 0.006620355108681176,
        "r_smH_PTH_80_100": 0.0036184802021859176,
        "r_smH_PTH_100_120": 0.0036030197109988946,
        "r_smH_PTH_120_140": 0.0029517191723656285,
        "r_smH_PTH_140_170": 0.005606713193632238,
        "r_smH_PTH_170_200": 0.006737859760549886,
        "r_smH_PTH_200_250": 0.004478648998117365,
        "r_smH_PTH_250_350": 0.00714575787143084,
        "r_smH_PTH_350_450": 0.006028602092705211,
        "r_smH_PTH_GT450": 0.002136162555727792
    },
    "r_smH_PTH_35_45": {
        "r_smH_PTH_0_5": 0.004254164821894549,
        "r_smH_PTH_5_10": 0.006816575999830354,
        "r_smH_PTH_10_15": 0.005989262138571664,
        "r_smH_PTH_15_20": 0.006767224972683775,
        "r_smH_PTH_20_25": 0.007468539683964834,
        "r_smH_PTH_25_30": 0.005856072536763007,
        "r_smH_PTH_30_35": -0.03471889751690103,
        "r_smH_PTH_35_45": 1.0,
        "r_smH_PTH_45_60": 0.0054835305711765465,
        "r_smH_PTH_60_80": -0.020108182519261778,
        "r_smH_PTH_80_100": 0.004740553313830666,
        "r_smH_PTH_100_120": 0.004356792122930845,
        "r_smH_PTH_120_140": 0.004407897471270331,
        "r_smH_PTH_140_170": 0.007093975497431511,
        "r_smH_PTH_170_200": 0.008027940380183715,
        "r_smH_PTH_200_250": 0.005788927524503202,
        "r_smH_PTH_250_350": 0.00859375122269298,
        "r_smH_PTH_350_450": 0.007318318859925949,
        "r_smH_PTH_GT450": 0.0026936675569200217
    },
    "r_smH_PTH_45_60": {
        "r_smH_PTH_0_5": 0.004333179298189817,
        "r_smH_PTH_5_10": 0.00594853270102356,
        "r_smH_PTH_10_15": 0.024981492910117538,
        "r_smH_PTH_15_20": 0.005348852900969288,
        "r_smH_PTH_20_25": 0.00498736134220628,
        "r_smH_PTH_25_30": -0.15503278088970612,