{
    "r_smH_PTH_0_5": {
        "r_smH_PTH_0_5": 0.1849348317670959,
        "r_smH_PTH_5_10": -0.02748407655381831,
        "r_smH_PTH_10_15": 0.0042556279187453685,
        "r_smH_PTH_15_20": 0.0006384454399403431,
        "r_smH_PTH_20_25": 0.0009657713946393774,
        "r_smH_PTH_25_30": 0.0008470830229040686,
        "r_smH_PTH_30_35": 0.0008648381338308331,
        "r_smH_PTH_35_45": 0.0008939338064241137,
        "r_smH_PTH_45_60": 0.0008607021975848145,
        "r_smH_PTH_60_80": 0.0008830135192808708,
        "r_smH_PTH_80_100": 0.0008422029291378607,
        "r_smH_PTH_100_120": 0.0008687422351952259,
        "r_smH_PTH_120_140": 0.0008719051017673564,
        "r_smH_PTH_140_170": 0.0007707305623182554,
        "r_smH_PTH_170_200": 0.0007501977745605796,
        "r_smH_PTH_200_250": 0.0007775967245345025,
        "r_smH_PTH_250_350": 0.0007757105847848608,
        "r_smH_PTH_350_450": 0.000607952017763666,
        "r_smH_PTH_GT450": 0.0006091397561691847
    },
    "r_smH_PTH_5_10": {
        "r_smH_PTH_0_5": -0.02748407655381831,
        "r_smH_PTH_5_10": 0.09824746792991779,
        "r_smH_PTH_10_15": -0.01568000704366666,
        "r_smH_PTH_15_20": 0.003038093616602046,
        "r_smH_PTH_20_25": 0.0007235219292436369,
        "r_smH_PTH_25_30": 0.0008585201790469734,
        "r_smH_PTH_30_35": 0.0008562536888834158,
        "r_smH_PTH_35_45": 0.0009007558095406606,
        "r_smH_PTH_45_60": 0.0008620293020325812,
        "r_smH_PTH_60_80": 0.0008855063554120915,
        "r_smH_PTH_80_100": 0.0008406626613041359,
        "r_smH_PTH_100_120": 0.0008593239070222026,
        "r_smH_PTH_120_140": 0.0008733323652432662,
        "r_smH_PTH_140_170": 0.0007516824388709986,
        "r_smH_PTH_170_200": 0.0007372634035713181,
        "r_smH_PTH_200_250": 0.0007795823630149047,
        "r_smH_PTH_250_350": 0.0007760357507934063,
        "r_smH_PTH_350_450": 0.0006265355542803771,
        "r_smH_PTH_GT450": 0.0006221027695913653
    },
    "r_smH_PTH_10_15": {
        "r_smH_PTH_0_5": 0.0042556279187453685,
        "r_smH_PTH_5_10": -0.01568000704366666,
        "r_smH_PTH_10_15": 0.0915408070938288,
        "r_smH_PTH_15_20": -0.015277312216522109,
        "r_smH_PTH_20_25": 0.002879260525005792,
        "r_smH_PTH_25_30": 0.000655950856656106,
        "r_smH_PTH_30_35": 0.0008756773860073304,
        "r_smH_PTH_35_45": 0.0008839540878661929,
        "r_smH_PTH_45_60": 0.0008543894429766339,
        "r_smH_PTH_60_80": 0.0008689227208528854,
        "r_smH_PTH_80_100": 0.0008287215388740905,
        "r_smH_PTH_100_120": 0.0008541746301630447,
        "r_smH_PTH_120_140": 0.0008626161114589766,
        "r_smH_PTH_140_170": 0.000772586825862613,
        "r_smH_PTH_170_200": 0.0007541922050682557,
        "r_smH_PTH_200_250": 0.0007662091759635523,
        "r_smH_PTH_250_350": 0.000764407548402522,
        "r_smH_PTH_350_450": 0.0005794476493560027,
        "r_smH_PTH_GT450": 0.0006087515670027134
    },
    "r_smH_PTH_15_20": {
        "r_smH_PTH_0_5": 0.0006384454399403431,
        "r_smH_PTH_5_10": 0.003038093616602046,
        "r_smH_PTH_10_15": -0.015277312216522109,
        "r_smH_PTH_15_20": 0.10189048602769477,
        "r_smH_PTH_20_25": -0.016277979400150654,
        "r_smH_PTH_25_30": 0.0028474201940793236,
        "r_smH_PTH_30_35": 0.0006940968337871494,
        "r_smH_PTH_35_45": 0.0009259290260827043,
        "r_smH_PTH_45_60": 0.0008864197275488282,
        "r_smH_PTH_60_80": 0.0008965213205157943,
        "r_smH_PTH_80_100": 0.000859165122649412,
        "r_smH_PTH_100_120": 0.0008854987830882386,
        "r_smH_PTH_120_140": 0.0008885063523521001,
        "r_smH_PTH_140_170": 0.0008388344777467367,
        "r_smH_PTH_170_200": 0.0008096570528482519,
        "r_smH_PTH_200_250": 0.0007815728594623119,
        "r_smH_PTH_250_350": 0.0007865270532059643,
        "r_smH_PTH_350_450": 0.0005607822560116474,
        "r_smH_PTH_GT450": 0.0006312139927405907
    },
    "r_smH_PTH_20_25": {
        "r_smH_PTH_0_5": 0.0009657713946393774,
        "r_smH_PTH_5_10": 0.0007235219292436369,
        "r_smH_PTH_10_15": 0.002879260525005792,
        "r_smH_PTH_15_20": -0.016277979400150654,
        "r_smH_PTH_20_25": 0.11260132526822544,
        "r_smH_PTH_25_30": -0.017403667057586846,
        "r_smH_PTH_30_35": 0.003232582070741831,
        "r_smH_PTH_35_45": 0.0007754595949928953,
        "r_smH_PTH_45_60": 0.0008592405594795721,
        "r_smH_PTH_60_80": 0.0008787203610282286,
        "r_smH_PTH_80_100": 0.0008359516494954309,
        "r_smH_PTH_100_120": 0.0008606362763696776,
        "r_smH_PTH_120_140": 0.0008647203829276873,
        "r_smH_PTH_140_170": 0.0007518375738918046,
        "r_smH_PTH_170_200": 0.0007338811643789728,
        "r_smH_PTH_200_250": 0.0007730327519688224,
        "r_smH_PTH_250_350": 0.0007613859755841268,
        "r_smH_PTH_350_450": 0.000601895155384117,
        "r_smH_PTH_GT450": 0.000599397654366576
    },
    "r_smH_PTH_25_30": {
        "r_smH_PTH_0_5": 0.0008470830229040686,
        "r_smH_PTH_5_10": 0.0008585201790469734,
        "r_smH_PTH_10_15": 0.000655950856656106,
        "r_smH_PTH_15_20": 0.0028474201940793236,
        "r_smH_PTH_20_25": -0.017403667057586846,
        "r_smH_PTH_25_30": 0.11741149937216527,
        "r_smH_PTH_30_35": -0.020939146846498332,
        "r_smH_PTH_35_45": 0.00203035471053848,
        "r_smH_PTH_45_60": 0.0007261627840165845,
        "r_smH_PTH_60_80": 0.0007781324812329272,
        "r_smH_PTH_80_100": 0.0007499305064618258,
        "r_smH_PTH_100_120": 0.0007662296294377234,
        "r_smH_PTH_120_140": 0.0007758150321702261,
        "r_smH_PTH_140_170": 0.0006722201402162451,
        "r_smH_PTH_170_200": 0.0006541976749828456,
        "r_smH_PTH_200_250": 0.0006932453375547005,
        "r_smH_PTH_250_350": 0.0006943738839060425,
        "r_smH_PTH_350_450": 0.0005111631288998796,
        "r_smH_PTH_GT450": 0.0005515498085820962
    },
    "r_smH_PTH_30_35": {
        "r_smH_PTH_0_5": 0.0008648381338308331,
        "r_smH_PTH_5_10": 0.0008562536888834158,
        "r_smH_PTH_10_15": 0.0008756773860073304,
        "r_smH_PTH_15_20": 0.0006940968337871494,
        "r_smH_PTH_20_25": 0.003232582070741831,
        "r_smH_PTH_25_30": -0.020939146846498332,
        "r_smH_PTH_30_35": 0.144108432426716,
        "r_smH_PTH_35_45": -0.01040034224053597,
        "r_smH_PTH_45_60": 0.0012594293769329305,
        "r_smH_PTH_60_80": 0.0007941001068877575,
        "r_smH_PTH_80_100": 0.000774915936796849,
        "r_smH_PTH_100_120": 0.0007873711864865734,
        "r_smH_PTH_120_140": 0.0008043149246732188,
        "r_smH_PTH_140_170": 0.0007238849461233287,
        "r_smH_PTH_170_200": 0.0007090987814670781,
        "r_smH_PTH_200_250": 0.000708638927480074,
        "r_smH_PTH_250_350": 0.0007150011189071494,
        "r_smH_PTH_350_450": 0.0005272798889124355,
        "r_smH_PTH_GT450": 0.0005643660148278314
    },
    "r_smH_PTH_35_45": {
        "r_smH_PTH_0_5": 0.0008939338064241137,
        "r_smH_PTH_5_10": 0.0009007558095406606,
        "r_smH_PTH_10_15": 0.0008839540878661929,
        "r_smH_PTH_15_20": 0.0009259290260827043,
        "r_smH_PTH_20_25": 0.0007754595949928953,
        "r_smH_PTH_25_30": 0.00203035471053848,
        "r_smH_PTH_30_35": -0.01040034224053597,
        "r_smH_PTH_35_45": 0.06744804070622856,
        "r_smH_PTH_45_60": -0.0030867083966732273,
        "r_smH_PTH_60_80": 0.0009797621792101896,
        "r_smH_PTH_80_100": 0.0008150143774847077,
        "r_smH_PTH_100_120": 0.0008296462949068588,
        "r_smH_PTH_120_140": 0.0008587150609477321,
        "r_smH_PTH_140_170": 0.0007446382471589702,
        "r_smH_PTH_170_200": 0.0007363107976437013,
        "r_smH_PTH_200_250": 0.0007690800800686487,
        "r_smH_PTH_250_350": 0.0007654025879071985,
        "r_smH_PTH_350_450": 0.0006133207208560522,
        "r_smH_PTH_GT450": 0.000629089491116793
    },
    "r_smH_PTH_45_60": {
        "r_smH_PTH_0_5": 0.0008607021975848145,