{
    "r_Njets_0": {
        "r_Njets_0": 1.0,
        "r_Njets_1": 0.10344547599576216,
        "r_Njets_2": 0.19809058801987472,
        "r_Njets_3": 0.04093970003155676,
        "r_Njets_4": 0.09676302350999631
    },
    "r_Njets_1": {
        "r_Njets_0": 0.10344547599576216,
        "r_Njets_1": 1.0,
        "r_Njets_2": -0.138094816220276,
        "r_Njets_3": 0.15016808351731153,
        "r_Njets_4": 0.05431520305241881
    },
    "r_Njets_2": {
        "r_Njets_0": 0.19809058801987472,
        "r_Njets_1": -0.138094816220276,
        "r_Njets_2": 1.0,
        "r_Njets_3": -0.3640498206968229,
        "r_Njets_4": 0.2094305862241772
    },
    "r_Njets_3": {
        "r_Njets_0": 0.04093970003155676,
        "r_Njets_1": 0.15016808351731153,
        "r_Njets_2": -0.3640498206968229,
        "r_Njets_3": 1.0,
        "r_Njets_4": -0.2668831804553244
    },
    "r_Njets_4": {
        "r_Njets_0": 0.09676302350999631,
        "r_Njets_1": 0.05431520305241881,
        "r_Njets_2": 0.2094305862241772,
        "r_Njets_3": -0.2668831804553244,
        "r_Njets_4": 1.0
    }
}