{
    "r_Njets_0": {
        "r_Njets_0": 0.018102216430889786,
        "r_Njets_1": 0.002964218329062164,
        "r_Njets_2": 0.011276879835489516,
        "r_Njets_3": 0.00729904417997148,
        "r_Njets_4": 0.025339505849128183
    },
    "r_Njets_1": {
        "r_Njets_0": 0.002964218329062164,
        "r_Njets_1": 0.04535922431321743,
        "r_Njets_2": -0.012444269875341847,
        "r_Njets_3": 0.04238048353191041,
        "r_Njets_4": 0.022515264422011422
    },
    "r_Njets_2": {
        "r_Njets_0": 0.011276879835489516,
        "r_Njets_1": -0.012444269875341847,
        "r_Njets_2": 0.17902697355907024,
        "r_Njets_3": -0.20411527955368483,
        "r_Njets_4": 0.17247342118534378
    },
    "r_Njets_3": {
        "r_Njets_0": 0.00729904417997148,
        "r_Njets_1": 0.04238048353191041,
        "r_Njets_2": -0.20411527955368483,
        "r_Njets_3": 1.7559450425394028,
        "r_Njets_4": -0.6883344389799325
    },
    "r_Njets_4": {
        "r_Njets_0": 0.025339505849128183,
        "r_Njets_1": 0.022515264422011422,
        "r_Njets_2": 0.17247342118534378,
        "r_Njets_3": -0.6883344389799325,
        "r_Njets_4": 3.788311387724089
    }
}