{
    "r_Njets_0": {
        "r_Njets_0": 1.0,
        "r_Njets_1": 0.1678376637478295,
        "r_Njets_2": 0.03318829014914256,
        "r_Njets_3": 0.03880972123215766,
        "r_Njets_4": 0.022233339227262887
    },
    "r_Njets_1": {
        "r_Njets_0": 0.1678376637478295,
        "r_Njets_1": 1.0,
        "r_Njets_2": 0.028716061945638235,
        "r_Njets_3": 0.011155954051117082,
        "r_Njets_4": 0.08845682647710303
    },
    "r_Njets_2": {
        "r_Njets_0": 0.03318829014914256,
        "r_Njets_1": 0.028716061945638235,
        "r_Njets_2": 1.0,
        "r_Njets_3": 0.030149817571965252,
        "r_Njets_4": -0.0020370807481460283
    },
    "r_Njets_3": {
        "r_Njets_0": 0.03880972123215766,
        "r_Njets_1": 0.011155954051117082,
        "r_Njets_2": 0.030149817571965252,
        "r_Njets_3": 1.0,
        "r_Njets_4": 0.022810352192166265
    },
    "r_Njets_4": {
        "r_Njets_0": 0.022233339227262887,
        "r_Njets_1": 0.08845682647710303,
        "r_Njets_2": -0.0020370807481460283,
        "r_Njets_3": 0.022810352192166265,
        "r_Njets_4": 1.0
    }
}