{
    "r_Njets_0": {
        "r_Njets_0": 0.22880653638125606,
        "r_Njets_1": 0.02249559250467781,
        "r_Njets_2": 0.00372351379250977,
        "r_Njets_3": 0.00716843139328305,
        "r_Njets_4": 0.005411437842271307
    },
    "r_Njets_1": {
        "r_Njets_0": 0.02249559250467781,
        "r_Njets_1": 0.07851408876398697,
        "r_Njets_2": 0.0018872635579297713,
        "r_Njets_3": 0.0012070629244618958,
        "r_Njets_4": 0.012611853526184878
    },
    "r_Njets_2": {
        "r_Njets_0": 0.00372351379250977,
        "r_Njets_1": 0.0018872635579297713,
        "r_Njets_2": 0.05501330674216749,
        "r_Njets_3": 0.002730662085219294,
        "r_Njets_4": -0.00024311731242827192
    },
    "r_Njets_3": {
        "r_Njets_0": 0.00716843139328305,
        "r_Njets_1": 0.0012070629244618958,
        "r_Njets_2": 0.002730662085219294,
        "r_Njets_3": 0.14910726108032268,
        "r_Njets_4": 0.004481827672897978
    },
    "r_Njets_4": {
        "r_Njets_0": 0.005411437842271307,
        "r_Njets_1": 0.012611853526184878,
        "r_Njets_2": -0.00024311731242827192,
        "r_Njets_3": 0.004481827672897978,
        "r_Njets_4": 0.25890923000904514
    }
}