{
    "r_smH_PTH_450_500": {
        "r_smH_PTH_450_500": 6.7989865936394045,
        "r_smH_PTH_500_550": 0.9991965318802902,
        "r_smH_PTH_550_600": 0.7689856000749116,
        "r_smH_PTH_600_675": 0.6087544288335561,
        "r_smH_PTH_675_800": 0.5250404031325437,
        "r_smH_PTH_800_1200": 0.4529641291894771
    },
    "r_smH_PTH_500_550": {
        "r_smH_PTH_450_500": 0.9991965318802902,
        "r_smH_PTH_500_550": 8.030712430369979,
        "r_smH_PTH_550_600": 0.672835567374431,
        "r_smH_PTH_600_675": 0.5435797824471837,
        "r_smH_PTH_675_800": 0.5229518906149638,
        "r_smH_PTH_800_1200": 0.45220479117637763
    },
    "r_smH_PTH_550_600": {
        "r_smH_PTH_450_500": 0.7689856000749116,
        "r_smH_PTH_500_550": 0.672835567374431,
        "r_smH_PTH_550_600": 9.586709079660544,
        "r_smH_PTH_600_675": 0.48669752587719034,
        "r_smH_PTH_675_800": 0.4910689358550526,
        "r_smH_PTH_800_1200": 0.43450766112077893
    },
    "r_smH_PTH_600_675": {
        "r_smH_PTH_450_500": 0.6087544288335561,
        "r_smH_PTH_500_550": 0.5435797824471837,
        "r_smH_PTH_550_600": 0.48669752587719034,
        "r_smH_PTH_600_675": 10.069673509247115,
        "r_smH_PTH_675_800": 0.535888200452576,
        "r_smH_PTH_800_1200": 0.4158832525250939
    },
    "r_smH_PTH_675_800": {
        "r_smH_PTH_450_500": 0.5250404031325437,
        "r_smH_PTH_500_550": 0.5229518906149638,
        "r_smH_PTH_550_600": 0.4910689358550526,
        "r_smH_PTH_600_675": 0.535888200452576,
        "r_smH_PTH_675_800": 16.51025072594801,
        "r_smH_PTH_800_1200": 0.487036716301267
    },
    "r_smH_PTH_800_1200": {
        "r_smH_PTH_450_500": 0.4529641291894771,
        "r_smH_PTH_500_550": 0.45220479117637763,
        "r_smH_PTH_550_600": 0.43450766112077893,
        "r_smH_PTH_600_675": 0.4158832525250939,
        "r_smH_PTH_675_800": 0.487036716301267,
        "r_smH_PTH_800_1200": 28.496648475315215
    }
}