{
    "r_Njets_0": {
        "r_Njets_0": 1.0,
        "r_Njets_1": -0.019794963243805884,
        "r_Njets_2": 0.022888258075205368,
        "r_Njets_3": -0.00569712824479302,
        "r_Njets_4": 0.00211869292111622
    },
    "r_Njets_1": {
        "r_Njets_0": -0.019794963243805884,
        "r_Njets_1": 1.0,
        "r_Njets_2": -0.26527316970378223,
        "r_Njets_3": 0.0850886057854691,
        "r_Njets_4": 0.00010938705553338857
    },
    "r_Njets_2": {
        "r_Njets_0": 0.022888258075205368,
        "r_Njets_1": -0.26527316970378223,
        "r_Njets_2": 1.0,
        "r_Njets_3": -0.3699794242963237,
        "r_Njets_4": 0.09963091422800871
    },
    "r_Njets_3": {
        "r_Njets_0": -0.00569712824479302,
        "r_Njets_1": 0.0850886057854691,
        "r_Njets_2": -0.3699794242963237,
        "r_Njets_3": 1.0,
        "r_Njets_4": -0.31010017241776794
    },
    "r_Njets_4": {
        "r_Njets_0": 0.00211869292111622,
        "r_Njets_1": 0.00010938705553338857,
        "r_Njets_2": 0.09963091422800871,
        "r_Njets_3": -0.31010017241776794,
        "r_Njets_4": 1.0
    }
}