{
    "r_Njets_0": {
        "r_Njets_0": 0.01649299766138375,
        "r_Njets_1": -0.0004775125930284095,
        "r_Njets_2": 0.0010266875075112725,
        "r_Njets_3": -0.0007630647450406647,
        "r_Njets_4": 0.000427644821591133
    },
    "r_Njets_1": {
        "r_Njets_0": -0.0004775125930284095,
        "r_Njets_1": 0.03528260656774747,
        "r_Njets_2": -0.017404012838307246,
        "r_Njets_3": 0.016668915038686536,
        "r_Njets_4": 3.229324343378642e-05
    },
    "r_Njets_2": {
        "r_Njets_0": 0.0010266875075112725,
        "r_Njets_1": -0.017404012838307246,
        "r_Njets_2": 0.12199765266025481,
        "r_Njets_3": -0.13477486453048038,
        "r_Njets_4": 0.05469344205994052
    },
    "r_Njets_3": {
        "r_Njets_0": -0.0007630647450406647,
        "r_Njets_1": 0.016668915038686536,
        "r_Njets_2": -0.13477486453048038,
        "r_Njets_3": 1.0877051600719663,
        "r_Njets_4": -0.5083033890837301
    },
    "r_Njets_4": {
        "r_Njets_0": 0.000427644821591133,
        "r_Njets_1": 3.229324343378642e-05,
        "r_Njets_2": 0.05469344205994052,
        "r_Njets_3": -0.5083033890837301,
        "r_Njets_4": 2.470192543612844
    }
}