{
    "r_smH_PTH_0_10": {
        "r_smH_PTH_0_10": 1.0,
        "r_smH_PTH_10_20": -0.05550627686412637,
        "r_smH_PTH_20_30": 0.055542826878728545,
        "r_smH_PTH_30_45": 0.09571443012431119,
        "r_smH_PTH_45_60": 0.07991714477389439,
        "r_smH_PTH_60_80": 0.06471238244021492,
        "r_smH_PTH_80_120": 0.059662938755432895,
        "r_smH_PTH_120_200": 0.05992931609877675,
        "r_smH_PTH_GT200": 0.047115088426480906
    },
    "r_smH_PTH_10_20": {
        "r_smH_PTH_0_10": -0.05550627686412637,
        "r_smH_PTH_10_20": 1.0,
        "r_smH_PTH_20_30": 0.05734585251185846,
        "r_smH_PTH_30_45": -0.04565916829026761,
        "r_smH_PTH_45_60": 0.09015701022281203,
        "r_smH_PTH_60_80": 0.06598285676218918,
        "r_smH_PTH_80_120": 0.062275709064840874,
        "r_smH_PTH_120_200": 0.06314639034114523,
        "r_smH_PTH_GT200": 0.046955914228105695
    },
    "r_smH_PTH_20_30": {
        "r_smH_PTH_0_10": 0.055542826878728545,
        "r_smH_PTH_10_20": 0.05734585251185846,
        "r_smH_PTH_20_30": 1.0,
        "r_smH_PTH_30_45": 0.05415152759229887,
        "r_smH_PTH_45_60": 0.05860922667102065,
        "r_smH_PTH_60_80": 0.0510841410358726,
        "r_smH_PTH_80_120": 0.05170079533673079,
        "r_smH_PTH_120_200": 0.011162679028622963,
        "r_smH_PTH_GT200": 0.002270214635544601
    },
    "r_smH_PTH_30_45": {
        "r_smH_PTH_0_10": 0.09571443012431119,
        "r_smH_PTH_10_20": -0.04565916829026761,
        "r_smH_PTH_20_30": 0.05415152759229887,
        "r_smH_PTH_30_45": 1.0,
        "r_smH_PTH_45_60": -0.030002507692488127,
        "r_smH_PTH_60_80": 0.06975888852763151,
        "r_smH_PTH_80_120": 0.05918340939989761,
        "r_smH_PTH_120_200": 0.060809538989769624,
        "r_smH_PTH_GT200": 0.04294870614457477
    },
    "r_smH_PTH_45_60": {
        "r_smH_PTH_0_10": 0.07991714477389439,
        "r_smH_PTH_10_20": 0.09015701022281203,
        "r_smH_PTH_20_30": 0.05860922667102065,
        "r_smH_PTH_30_45": -0.030002507692488127,
        "r_smH_PTH_45_60": 1.0,
        "r_smH_PTH_60_80": -0.018916577033460155,
        "r_smH_PTH_80_120": 0.07163436289873501,
        "r_smH_PTH_120_200": 0.06761485171972914,
        "r_smH_PTH_GT200": 0.044004573757207316
    },
    "r_smH_PTH_60_80": {
        "r_smH_PTH_0_10": 0.06471238244021492,
        "r_smH_PTH_10_20": 0.06598285676218918,
        "r_smH_PTH_20_30": 0.0510841410358726,
        "r_smH_PTH_30_45": 0.06975888852763151,
        "r_smH_PTH_45_60": -0.018916577033460155,
        "r_smH_PTH_60_80": 1.0,
        "r_smH_PTH_80_120": -0.02655089803661287,
        "r_smH_PTH_120_200": 0.06427606411368365,
        "r_smH_PTH_GT200": 0.03689245037761696
    },
    "r_smH_PTH_80_120": {
        "r_smH_PTH_0_10": 0.059662938755432895,
        "r_smH_PTH_10_20": 0.062275709064840874,
        "r_smH_PTH_20_30": 0.05170079533673079,
        "r_smH_PTH_30_45": 0.05918340939989761,
        "r_smH_PTH_45_60": 0.07163436289873501,
        "r_smH_PTH_60_80": -0.02655089803661287,
        "r_smH_PTH_80_120": 1.0,
        "r_smH_PTH_120_200": -0.001317350428158813,
        "r_smH_PTH_GT200": 0.03521427227603636
    },
    "r_smH_PTH_120_200": {
        "r_smH_PTH_0_10": 0.05992931609877675,
        "r_smH_PTH_10_20": 0.06314639034114523,
        "r_smH_PTH_20_30": 0.011162679028622963,
        "r_smH_PTH_30_45": 0.060809538989769624,
        "r_smH_PTH_45_60": 0.06761485171972914,
        "r_smH_PTH_60_80": 0.06427606411368365,
        "r_smH_PTH_80_120": -0.001317350428158813,
        "r_smH_PTH_120_200": 1.0,
        "r_smH_PTH_GT200": 0.03745852004793334
    },
    "r_smH_PTH_GT200": {
        "r_smH_PTH_0_10": 0.047115088426480906,
        "r_smH_PTH_10_20": 0.046955914228105695,
        "r_smH_PTH_20_30": 0.002270214635544601,
        "r_smH_PTH_30_45": 0.04294870614457477,
        "r_smH_PTH_45_60": 0.044004573757207316,
        "r_smH_PTH_60_80": 0.03689245037761696,
        "r_smH_PTH_80_120": 0.03521427227603636,
        "r_smH_PTH_120_200": 0.03745852004793334,
        "r_smH_PTH_GT200": 1.0
    }
}