{
    "r_smH_PTH_0_10": {
        "r_smH_PTH_0_10": 0.1118993995197908,
        "r_smH_PTH_10_20": -0.0045114692185473145,
        "r_smH_PTH_20_30": 0.008573404399490583,
        "r_smH_PTH_30_45": 0.007003138004993926,
        "r_smH_PTH_45_60": 0.007651878768337252,
        "r_smH_PTH_60_80": 0.007589724424846202,
        "r_smH_PTH_80_120": 0.0070066645215376136,
        "r_smH_PTH_120_200": 0.0070831405158252895,
        "r_smH_PTH_GT200": 0.009264181762754255
    },
    "r_smH_PTH_10_20": {
        "r_smH_PTH_0_10": -0.0045114692185473145,
        "r_smH_PTH_10_20": 0.05586078996575279,
        "r_smH_PTH_20_30": -0.0028292112220938055,
        "r_smH_PTH_30_45": 0.005450012564814627,
        "r_smH_PTH_45_60": 0.005294874484964434,
        "r_smH_PTH_60_80": 0.005320597109175944,
        "r_smH_PTH_80_120": 0.004926581965043146,
        "r_smH_PTH_120_200": 0.004980323016138818,
        "r_smH_PTH_GT200": 0.0064985623502565116
    },
    "r_smH_PTH_20_30": {
        "r_smH_PTH_0_10": 0.008573404399490583,
        "r_smH_PTH_10_20": -0.0028292112220938055,
        "r_smH_PTH_20_30": 0.06954439423925728,
        "r_smH_PTH_30_45": -0.0019715963853556813,
        "r_smH_PTH_45_60": 0.006041826659596345,
        "r_smH_PTH_60_80": 0.005401953730882229,
        "r_smH_PTH_80_120": 0.005044678838299318,
        "r_smH_PTH_120_200": 0.005086027343055251,
        "r_smH_PTH_GT200": 0.006616435719574992
    },
    "r_smH_PTH_30_45": {
        "r_smH_PTH_0_10": 0.007003138004993926,
        "r_smH_PTH_10_20": 0.005450012564814627,
        "r_smH_PTH_20_30": -0.0019715963853556813,
        "r_smH_PTH_30_45": 0.061928935090078095,
        "r_smH_PTH_45_60": -0.001840698709185851,
        "r_smH_PTH_60_80": 0.0058294675306973815,
        "r_smH_PTH_80_120": 0.004928484645798052,
        "r_smH_PTH_120_200": 0.00495691456536214,
        "r_smH_PTH_GT200": 0.006383272436433355
    },
    "r_smH_PTH_45_60": {
        "r_smH_PTH_0_10": 0.007651878768337252,
        "r_smH_PTH_10_20": 0.005294874484964434,
        "r_smH_PTH_20_30": 0.006041826659596345,
        "r_smH_PTH_30_45": -0.001840698709185851,
        "r_smH_PTH_45_60": 0.10580231811656249,
        "r_smH_PTH_60_80": -0.003738242292279625,
        "r_smH_PTH_80_120": 0.005879918782892368,
        "r_smH_PTH_120_200": 0.005457297381803164,
        "r_smH_PTH_GT200": 0.00698922320579518
    },
    "r_smH_PTH_60_80": {
        "r_smH_PTH_0_10": 0.007589724424846202,
        "r_smH_PTH_10_20": 0.005320597109175944,
        "r_smH_PTH_20_30": 0.005401953730882229,
        "r_smH_PTH_30_45": 0.0058294675306973815,
        "r_smH_PTH_45_60": -0.003738242292279625,
        "r_smH_PTH_60_80": 0.11786117626580382,
        "r_smH_PTH_80_120": -0.001074998242465515,
        "r_smH_PTH_120_200": 0.005754566905730346,
        "r_smH_PTH_GT200": 0.007038568325871042
    },
    "r_smH_PTH_80_120": {
        "r_smH_PTH_0_10": 0.0070066645215376136,
        "r_smH_PTH_10_20": 0.004926581965043146,
        "r_smH_PTH_20_30": 0.005044678838299318,
        "r_smH_PTH_30_45": 0.004928484645798052,
        "r_smH_PTH_45_60": 0.005879918782892368,
        "r_smH_PTH_60_80": -0.001074998242465515,
        "r_smH_PTH_80_120": 0.09704567160018056,
        "r_smH_PTH_120_200": 0.0006246056509398332,
        "r_smH_PTH_GT200": 0.006806601991715661
    },
    "r_smH_PTH_120_200": {
        "r_smH_PTH_0_10": 0.0070831405158252895,
        "r_smH_PTH_10_20": 0.004980323016138818,
        "r_smH_PTH_20_30": 0.005086027343055251,
        "r_smH_PTH_30_45": 0.00495691456536214,
        "r_smH_PTH_45_60": 0.005457297381803164,
        "r_smH_PTH_60_80": 0.005754566905730346,
        "r_smH_PTH_80_120": 0.0006246056509398332,
        "r_smH_PTH_120_200": 0.12440627106418499,
        "r_smH_PTH_GT200": 0.00044173661039914494
    },
    "r_smH_PTH_GT200": {
        "r_smH_PTH_0_10": 0.009264181762754255,
        "r_smH_PTH_10_20": 0.0064985623502565116,
        "r_smH_PTH_20_30": 0.006616435719574992,
        "r_smH_PTH_30_45": 0.006383272436433355,
        "r_smH_PTH_45_60": 0.00698922320579518,
        "r_smH_PTH_60_80": 0.007038568325871042,
        "r_smH_PTH_80_120": 0.006806601991715661,
        "r_smH_PTH_120_200": 0.00044173661039914494,
        "r_smH_PTH_GT200": 0.33224683768194
    }
}