{
    "r_smH_PTH_450_500": {
        "r_smH_PTH_450_500": 1.0,
        "r_smH_PTH_500_550": 0.13522338031566572,
        "r_smH_PTH_550_600": 0.09524920088146817,
        "r_smH_PTH_600_675": 0.07357196348522804,
        "r_smH_PTH_675_800": 0.04955572086659819,
        "r_smH_PTH_800_1200": 0.032542043858606234
    },
    "r_smH_PTH_500_550": {
        "r_smH_PTH_450_500": 0.13522338031566572,
        "r_smH_PTH_500_550": 1.0,
        "r_smH_PTH_550_600": 0.0766826529486654,
        "r_smH_PTH_600_675": 0.06044753054453216,
        "r_smH_PTH_675_800": 0.04541589381721617,
        "r_smH_PTH_800_1200": 0.029892430594985846
    },
    "r_smH_PTH_550_600": {
        "r_smH_PTH_450_500": 0.09524920088146817,
        "r_smH_PTH_500_550": 0.0766826529486654,
        "r_smH_PTH_550_600": 1.0,
        "r_smH_PTH_600_675": 0.049535513518313604,
        "r_smH_PTH_675_800": 0.039032903136133286,
        "r_smH_PTH_800_1200": 0.026288497889517308
    },
    "r_smH_PTH_600_675": {
        "r_smH_PTH_450_500": 0.07357196348522804,
        "r_smH_PTH_500_550": 0.06044753054453216,
        "r_smH_PTH_550_600": 0.049535513518313604,
        "r_smH_PTH_600_675": 1.0,
        "r_smH_PTH_675_800": 0.041561351874604475,
        "r_smH_PTH_800_1200": 0.024550867615309304
    },
    "r_smH_PTH_675_800": {
        "r_smH_PTH_450_500": 0.04955572086659819,
        "r_smH_PTH_500_550": 0.04541589381721617,
        "r_smH_PTH_550_600": 0.039032903136133286,
        "r_smH_PTH_600_675": 0.041561351874604475,
        "r_smH_PTH_675_800": 1.0,
        "r_smH_PTH_800_1200": 0.022453703102967352
    },
    "r_smH_PTH_800_1200": {
        "r_smH_PTH_450_500": 0.032542043858606234,
        "r_smH_PTH_500_550": 0.029892430594985846,
        "r_smH_PTH_550_600": 0.026288497889517308,
        "r_smH_PTH_600_675": 0.024550867615309304,
        "r_smH_PTH_675_800": 0.022453703102967352,
        "r_smH_PTH_800_1200": 1.0
    }
}