{
    "r_smH_PTH_450_500": {
        "r_smH_PTH_450_500": 1.0,
        "r_smH_PTH_500_550": 0.13455701182408475,
        "r_smH_PTH_550_600": 0.08029517201284368,
        "r_smH_PTH_600_675": 0.08161942571206743,
        "r_smH_PTH_675_800": -0.009393344842103031,
        "r_smH_PTH_800_1200": -0.0544787072694425
    },
    "r_smH_PTH_500_550": {
        "r_smH_PTH_450_500": 0.13455701182408475,
        "r_smH_PTH_500_550": 1.0,
        "r_smH_PTH_550_600": 0.09007311587695675,
        "r_smH_PTH_600_675": 0.06796358275839676,
        "r_smH_PTH_675_800": -0.010294917316844983,
        "r_smH_PTH_800_1200": -0.030468228255362925
    },
    "r_smH_PTH_550_600": {
        "r_smH_PTH_450_500": 0.08029517201284368,
        "r_smH_PTH_500_550": 0.09007311587695675,
        "r_smH_PTH_550_600": 1.0,
        "r_smH_PTH_600_675": 0.18747753567596745,
        "r_smH_PTH_675_800": -0.09016548612952294,
        "r_smH_PTH_800_1200": -0.07819594064927393
    },
    "r_smH_PTH_600_675": {
        "r_smH_PTH_450_500": 0.08161942571206743,
        "r_smH_PTH_500_550": 0.06796358275839676,
        "r_smH_PTH_550_600": 0.18747753567596745,
        "r_smH_PTH_600_675": 1.0,
        "r_smH_PTH_675_800": -0.06118710004645922,
        "r_smH_PTH_800_1200": -0.05563536658003437
    },
    "r_smH_PTH_675_800": {
        "r_smH_PTH_450_500": -0.009393344842103031,
        "r_smH_PTH_500_550": -0.010294917316844983,
        "r_smH_PTH_550_600": -0.09016548612952294,
        "r_smH_PTH_600_675": -0.06118710004645922,
        "r_smH_PTH_675_800": 1.0,
        "r_smH_PTH_800_1200": 0.0442999621246516
    },
    "r_smH_PTH_800_1200": {
        "r_smH_PTH_450_500": -0.0544787072694425,
        "r_smH_PTH_500_550": -0.030468228255362925,
        "r_smH_PTH_550_600": -0.07819594064927393,
        "r_smH_PTH_600_675": -0.05563536658003437,
        "r_smH_PTH_675_800": 0.0442999621246516,
        "r_smH_PTH_800_1200": 1.0
    }
}