{
    "r_smH_PTH_450_600": {
        "bestfit": 4.843077215664419,
        "Up01Sigma": 5.084478284047986,
        "Down01Sigma": 2.6749142712086744,
        "Up01SigmaExp": 2.2678988749011353,
        "Down01SigmaExp": 1.544396503766162
    },
    "r_smH_PTH_GT600": {
        "bestfit": -0.09393592479797164,
        "Up01Sigma": 1.8370067886783907,
        "Down01Sigma": 1.640869931034878,
        "Up01SigmaExp": 1.8084417608648558,
        "Down01SigmaExp": 1.0294043356558618
    }
}