{
    "r_smH_PTH_0_45": {
        "bestfit": 0.05032699555158615,
        "Up01Sigma": 0.44429440051317215,
        "Down01Sigma": 0.05032699555158615,
        "Up01SigmaExp": 0.45634955167770386,
        "Down01SigmaExp": 0.0
    },
    "r_smH_PTH_45_80": {
        "bestfit": 0.0,
        "Up01Sigma": 5.0,
        "Down01Sigma": 1.0,
        "Up01SigmaExp": 0.6928635239601135,
        "Down01SigmaExp": 0.0
    },
    "r_smH_PTH_80_120": {
        "bestfit": 2.3070554733276367,
        "Up01Sigma": 2.6929445266723633,
        "Down01Sigma": 2.1155344247817993,
        "Up01SigmaExp": 0.8444850444793701,
        "Down01SigmaExp": 0.8357241153717041
    },
    "r_smH_PTH_120_140": {
        "bestfit": 0.0,
        "Up01Sigma": 3.9430224895477295,
        "Down01Sigma": 1.0,
        "Up01SigmaExp": 2.465040922164917,
        "Down01SigmaExp": 0.0
    },
    "r_smH_PTH_140_170": {
        "bestfit": 6.3778791427612305,
        "Up01Sigma": 3.957383155822754,
        "Down01Sigma": 5.501812160015106,
        "Up01SigmaExp": 1.983126163482666,
        "Down01SigmaExp": 1.0
    },
    "r_smH_PTH_170_200": {
        "bestfit": 0.0,
        "Up01Sigma": 1.0,
        "Down01Sigma": 1.0,
        "Up01SigmaExp": 1.7934036254882812,
        "Down01SigmaExp": 1.0
    },
    "r_smH_PTH_200_350": {
        "bestfit": 1.7700895071029663,
        "Up01Sigma": 3.2299104928970337,
        "Down01Sigma": 0.9275307059288025,
        "Up01SigmaExp": 0.5648415088653564,
        "Down01SigmaExp": 0.5076661705970764
    },
    "r_smH_PTH_350_450": {
        "bestfit": 1.4322377443313599,
        "Up01Sigma": 3.56776225566864,
        "Down01Sigma": 1.4322377443313599,
        "Up01SigmaExp": 0.6900675296783447,
        "Down01SigmaExp": 0.5
    },
    "r_smH_PTH_GT450": {
        "bestfit": 1.7045143842697144,
        "Up01Sigma": 3.2954856157302856,
        "Down01Sigma": 1.7045143842697144,
        "Up01SigmaExp": 1.0280694961547852,
        "Down01SigmaExp": 0.8874464705586433
    }
}