{
    "r_Njets_0": {
        "r_Njets_0": 1.0,
        "r_Njets_1": 0.1968059786987542,
        "r_Njets_2": 0.045511522476692386,
        "r_Njets_3": 0.04138465221614231,
        "r_Njets_4": 0.029000514040823648
    },
    "r_Njets_1": {
        "r_Njets_0": 0.1968059786987542,
        "r_Njets_1": 1.0,
        "r_Njets_2": 0.03471296984771222,
        "r_Njets_3": 0.009850076438506683,
        "r_Njets_4": 0.07631754974068793
    },
    "r_Njets_2": {
        "r_Njets_0": 0.045511522476692386,
        "r_Njets_1": 0.03471296984771222,
        "r_Njets_2": 1.0,
        "r_Njets_3": -0.016786691137640693,
        "r_Njets_4": -0.028815560296464007
    },
    "r_Njets_3": {
        "r_Njets_0": 0.04138465221614231,
        "r_Njets_1": 0.009850076438506683,
        "r_Njets_2": -0.016786691137640693,
        "r_Njets_3": 1.0,
        "r_Njets_4": -0.05533574915690834
    },
    "r_Njets_4": {
        "r_Njets_0": 0.029000514040823648,
        "r_Njets_1": 0.07631754974068793,
        "r_Njets_2": -0.028815560296464007,
        "r_Njets_3": -0.05533574915690834,
        "r_Njets_4": 1.0
    }
}