{
    "r_Njets_0": {
        "r_Njets_0": 0.23497204144567943,
        "r_Njets_1": 0.026153877567108116,
        "r_Njets_2": 0.00485156744602163,
        "r_Njets_3": 0.007243185780405997,
        "r_Njets_4": 0.006372558889200992
    },
    "r_Njets_1": {
        "r_Njets_0": 0.026153877567108116,
        "r_Njets_1": 0.07515872559511286,
        "r_Njets_2": 0.0020928306597699166,
        "r_Njets_3": 0.0009750155096938154,
        "r_Njets_4": 0.009484494493000734
    },
    "r_Njets_2": {
        "r_Njets_0": 0.00485156744602163,
        "r_Njets_1": 0.0020928306597699166,
        "r_Njets_2": 0.048362108658217585,
        "r_Njets_3": -0.0013329072607546069,
        "r_Njets_4": -0.0028726303811196377
    },
    "r_Njets_3": {
        "r_Njets_0": 0.007243185780405997,
        "r_Njets_1": 0.0009750155096938154,
        "r_Njets_2": -0.0013329072607546069,
        "r_Njets_3": 0.1303660297071412,
        "r_Njets_4": -0.00905707742083727
    },
    "r_Njets_4": {
        "r_Njets_0": 0.006372558889200992,
        "r_Njets_1": 0.009484494493000734,
        "r_Njets_2": -0.0028726303811196377,
        "r_Njets_3": -0.00905707742083727,
        "r_Njets_4": 0.20549446709496194
    }
}