{
    "r_smH_PTH_0_30": {
        "r_smH_PTH_0_30": 0.03211302183096228,
        "r_smH_PTH_30_45": -0.0605856668108722,
        "r_smH_PTH_45_80": 0.017706698094365824,
        "r_smH_PTH_80_120": -0.004091192200457467,
        "r_smH_PTH_120_200": 0.0024230269402449375,
        "r_smH_PTH_GT200": 0.0008454781947150993
    },
    "r_smH_PTH_30_45": {
        "r_smH_PTH_0_30": -0.0605856668108722,
        "r_smH_PTH_30_45": 0.4408174837595458,
        "r_smH_PTH_45_80": -0.1616123483003912,
        "r_smH_PTH_80_120": 0.0797903103846587,
        "r_smH_PTH_120_200": -0.020140496217510767,
        "r_smH_PTH_GT200": 0.00586390882434568
    },
    "r_smH_PTH_45_80": {
        "r_smH_PTH_0_30": 0.017706698094365824,
        "r_smH_PTH_30_45": -0.1616123483003912,
        "r_smH_PTH_45_80": 0.14562009647855687,
        "r_smH_PTH_80_120": -0.08930218743012536,
        "r_smH_PTH_120_200": 0.029693400068402553,
        "r_smH_PTH_GT200": -0.005574070065189829
    },
    "r_smH_PTH_80_120": {
        "r_smH_PTH_0_30": -0.004091192200457467,
        "r_smH_PTH_30_45": 0.0797903103846587,
        "r_smH_PTH_45_80": -0.08930218743012536,
        "r_smH_PTH_80_120": 0.22495911422179152,
        "r_smH_PTH_120_200": -0.08165736611052657,
        "r_smH_PTH_GT200": 0.024865336700560108
    },
    "r_smH_PTH_120_200": {
        "r_smH_PTH_0_30": 0.0024230269402449375,
        "r_smH_PTH_30_45": -0.020140496217510767,
        "r_smH_PTH_45_80": 0.029693400068402553,
        "r_smH_PTH_80_120": -0.08165736611052657,
        "r_smH_PTH_120_200": 0.188747974362369,
        "r_smH_PTH_GT200": -0.05274733186560104
    },
    "r_smH_PTH_GT200": {
        "r_smH_PTH_0_30": 0.0008454781947150993,
        "r_smH_PTH_30_45": 0.00586390882434568,
        "r_smH_PTH_45_80": -0.005574070065189829,
        "r_smH_PTH_80_120": 0.024865336700560108,
        "r_smH_PTH_120_200": -0.05274733186560104,
        "r_smH_PTH_GT200": 0.2817782008064989
    }
}